k,wss,silhouette
2,3987.968547024962,0.3267515737101899
3,3485.244179810861,0.3074819462558878
4,3067.3311824578996,0.3246956396728797
5,2724.988862269096,0.2021049286917653
6,2451.503177328901,0.20508212527897843
7,2253.258234852032,0.20632016330939812
8,2112.8604710981217,0.20010804176651467
9,2008.4495389563915,0.20932316442104185
10,1908.8604217307593,0.21142603917919287
